"DESCRIPTION","DURATION IN MS","NAME","PARENT SUITE","START TIME","STATUS","STOP TIME","SUB SUITE","SUITE","TEST CLASS","TEST METHOD"
"","11580","sortByRatingHighToLow","ParallelSuite","2026-09-16","broken","2026-09-16","Trello_TestScript.TC05_Sort","Regression","Trello_TestScript.TC05_Sort","sortByRatingHighToLow"
"","3422","verifyCartAfterRefreshing","ParallelSuite","2026-09-16","passed","2026-09-16","Trello_TestScript.TC02_Cart","Regression","Trello_TestScript.TC02_Cart","verifyCartAfterRefreshing"
"","5478","filterCombinationWithNoResults","ParallelSuite","2026-09-16","passed","2026-09-16","Trello_TestScript.TC04_Filters","Regression","Trello_TestScript.TC04_Filters","filterCombinationWithNoResults"
"","275","VerifyDiscountedProductPriceIsDisplayedCorrectly","ParallelSuite","2026-09-16","passed","2026-09-16","Trello_TestScript.TC02_Cart","Regression","Trello_TestScript.TC02_Cart","VerifyDiscountedProductPriceIsDisplayedCorrectly"
"","541","TC-W15: Wishlist icon is consistent across listing and detail pages","ParallelSuite","2026-09-16","passed","2026-09-16","Trello_TestScript.TC03_Wishlist","Regression","Trello_TestScript.TC03_Wishlist","TC_W15_wishlistIconConsistentAcrossPages"
"","542","TC-W21 [EDGE]: Wishlist is functional on a mobile viewport (375px)","ParallelSuite","2026-09-16","passed","2026-09-16","Trello_TestScript.TC03_Wishlist","Regression","Trello_TestScript.TC03_Wishlist","TC_W21_wishlistFunctionalOnMobileViewport"
"","680","SearchFullKeyword","ParallelSuite","2026-09-16","passed","2026-09-16","Trello_TestScript.TC01_Product","Regression","Trello_TestScript.TC01_Product","SearchFullKeyword"
"","2335","TC-W17: Category filter does not change wishlist counter","ParallelSuite","2026-09-16","passed","2026-09-16","Trello_TestScript.TC03_Wishlist","Regression","Trello_TestScript.TC03_Wishlist","TC_W17_filterDoesNotAffectWishlistCount"
"","944","TC-W05: Remove a single product from the wishlist","ParallelSuite","2026-09-16","passed","2026-09-16","Trello_TestScript.TC03_Wishlist","Regression","Trello_TestScript.TC03_Wishlist","TC_W05_removeSingleProductFromWishlist"
"","4475","addSameProducttwice","ParallelSuite","2026-09-16","passed","2026-09-16","Trello_TestScript.TC02_Cart","Regression","Trello_TestScript.TC02_Cart","addSameProducttwice"
"","3472","filterByCategory","ParallelSuite","2026-09-16","passed","2026-09-16","Trello_TestScript.TC04_Filters","Regression","Trello_TestScript.TC04_Filters","filterByCategory"
"","5555","filterByMultipleCriteria","ParallelSuite","2026-09-16","passed","2026-09-16","Trello_TestScript.TC04_Filters","Regression","Trello_TestScript.TC04_Filters","filterByMultipleCriteria"
"","681","TC-W03 [EDGE]: Add same product twice — no duplicate","ParallelSuite","2026-09-16","passed","2026-09-16","Trello_TestScript.TC03_Wishlist","Regression","Trello_TestScript.TC03_Wishlist","TC_W03_addSameProductTwiceNoDuplicate"
"","588","TC-W20 [EDGE]: Long product name does not break wishlist layout","ParallelSuite","2026-09-16","passed","2026-09-16","Trello_TestScript.TC03_Wishlist","Regression","Trello_TestScript.TC03_Wishlist","TC_W20_longProductNameDoesNotBreakLayout"
"","3103","sortByPriceLowToHigh","ParallelSuite","2026-09-16","passed","2026-09-16","Trello_TestScript.TC05_Sort","Regression","Trello_TestScript.TC05_Sort","sortByPriceLowToHigh"
"","461","SearchPartialKeyword","ParallelSuite","2026-09-16","passed","2026-09-16","Trello_TestScript.TC01_Product","Regression","Trello_TestScript.TC01_Product","SearchPartialKeyword"
"","536","addingMultipleProduct","ParallelSuite","2026-09-16","passed","2026-09-16","Trello_TestScript.TC02_Cart","Regression","Trello_TestScript.TC02_Cart","addingMultipleProduct"
"","2877","sortByNameAToZ","ParallelSuite","2026-09-16","passed","2026-09-16","Trello_TestScript.TC05_Sort","Regression","Trello_TestScript.TC05_Sort","sortByNameAToZ"
"","290","verifyProductCanBeAddedToCart","ParallelSuite","2026-09-16","passed","2026-09-16","Trello_TestScript.TC02_Cart","Regression","Trello_TestScript.TC02_Cart","verifyProductCanBeAddedToCart"
"","733","TC-W04: Add product to wishlist from product detail page","ParallelSuite","2026-09-16","passed","2026-09-16","Trello_TestScript.TC03_Wishlist","Regression","Trello_TestScript.TC03_Wishlist","TC_W04_addToWishlistFromDetailPage"
"","307","verifyEmptyCartState","ParallelSuite","2026-09-16","passed","2026-09-16","Trello_TestScript.TC02_Cart","Regression","Trello_TestScript.TC02_Cart","verifyEmptyCartState"
"","3040","sortByPriceHighToLow","ParallelSuite","2026-09-16","passed","2026-09-16","Trello_TestScript.TC05_Sort","Regression","Trello_TestScript.TC05_Sort","sortByPriceHighToLow"
"","488","requiredFieldValidation","ParallelSuite","2026-09-16","passed","2026-09-16","Trello_TestScript.TC07_Checkout","Regression","Trello_TestScript.TC07_Checkout","requiredFieldValidation"
"","402","TC-W10: Empty wishlist shows empty state and Continue Shopping CTA","ParallelSuite","2026-09-16","passed","2026-09-16","Trello_TestScript.TC03_Wishlist","Regression","Trello_TestScript.TC03_Wishlist","TC_W10_emptyWishlistShowsEmptyState"
"","724","TC-W13: Wishlist persists after page refresh","ParallelSuite","2026-09-16","passed","2026-09-16","Trello_TestScript.TC03_Wishlist","Regression","Trello_TestScript.TC03_Wishlist","TC_W13_wishlistPersistsAfterRefresh"
"","2984","acceptsValidInformation","ParallelSuite","2026-09-16","passed","2026-09-16","Trello_TestScript.TC07_Checkout","Regression","Trello_TestScript.TC07_Checkout","acceptsValidInformation"
"","4615","applyFiltersAfterScrolling","ParallelSuite","2026-09-16","passed","2026-09-16","Trello_TestScript.TC04_Filters","Regression","Trello_TestScript.TC04_Filters","applyFiltersAfterScrolling"
"","884","verifyDiscountfeature","ParallelSuite","2026-09-16","passed","2026-09-16","Trello_TestScript.TC010_Discount","Regression","Trello_TestScript.TC010_Discount","verifyDiscountfeature"
"","744","TC-W08: Wishlist badge stays accurate after add and remove","ParallelSuite","2026-09-16","passed","2026-09-16","Trello_TestScript.TC03_Wishlist","Regression","Trello_TestScript.TC03_Wishlist","TC_W08_wishlistBadgeAccuracy"
"","659","emailValidation","ParallelSuite","2026-09-16","passed","2026-09-16","Trello_TestScript.TC07_Checkout","Regression","Trello_TestScript.TC07_Checkout","emailValidation"
"","562","checkoutPageLoadsCorrectly","ParallelSuite","2026-09-16","passed","2026-09-16","Trello_TestScript.TC07_Checkout","Regression","Trello_TestScript.TC07_Checkout","checkoutPageLoadsCorrectly"
"","204","VerifyStartShoppingNavigationFromEmptyCart","ParallelSuite","2026-09-16","passed","2026-09-16","Trello_TestScript.TC02_Cart","Regression","Trello_TestScript.TC02_Cart","VerifyStartShoppingNavigationFromEmptyCart"
"","2578","verifyCartTotal","ParallelSuite","2026-09-16","passed","2026-09-16","Trello_TestScript.TC02_Cart","Regression","Trello_TestScript.TC02_Cart","verifyCartTotal"
"","577","TC-W06 [EDGE]: Remove last item — empty state is shown","ParallelSuite","2026-09-16","passed","2026-09-16","Trello_TestScript.TC03_Wishlist","Regression","Trello_TestScript.TC03_Wishlist","TC_W06_removeLastItemShowsEmptyState"
"","3341","productCountUpdatesAfterFilter","ParallelSuite","2026-09-16","passed","2026-09-16","Trello_TestScript.TC04_Filters","Regression","Trello_TestScript.TC04_Filters","productCountUpdatesAfterFilter"
"","4500","increaseAndDecreaseProdQuality","ParallelSuite","2026-09-16","passed","2026-09-16","Trello_TestScript.TC02_Cart","Regression","Trello_TestScript.TC02_Cart","increaseAndDecreaseProdQuality"
"","3468","filterByRating","ParallelSuite","2026-09-16","passed","2026-09-16","Trello_TestScript.TC04_Filters","Regression","Trello_TestScript.TC04_Filters","filterByRating"
"","1312","addSingleProductToCart","ParallelSuite","2026-09-16","passed","2026-09-16","Trello_TestScript.TC02_Cart","Regression","Trello_TestScript.TC02_Cart","addSingleProductToCart"
"","471","costCalculationCheck","ParallelSuite","2026-09-16","passed","2026-09-16","Trello_TestScript.TC07_Checkout","Regression","Trello_TestScript.TC07_Checkout","costCalculationCheck"
"","550","TC-W07: Wishlist displays correct product name, price, and image","ParallelSuite","2026-09-16","passed","2026-09-16","Trello_TestScript.TC03_Wishlist","Regression","Trello_TestScript.TC03_Wishlist","TC_W07_wishlistDisplaysCorrectDetails"
"","396","verifyPositiveTotalCost","ParallelSuite","2026-09-16","passed","2026-09-16","Trello_TestScript.TC07_Checkout","Regression","Trello_TestScript.TC07_Checkout","verifyPositiveTotalCost"
"","313","verifyContinueShoppingNavigation","ParallelSuite","2026-09-16","passed","2026-09-16","Trello_TestScript.TC02_Cart","Regression","Trello_TestScript.TC02_Cart","verifyContinueShoppingNavigation"
"","548","TC-W18 [EDGE]: Browser back button preserves wishlist heart states","ParallelSuite","2026-09-16","passed","2026-09-16","Trello_TestScript.TC03_Wishlist","Regression","Trello_TestScript.TC03_Wishlist","TC_W18_browserBackPreservesWishlistState"
"","735","TC-W01: Add a single product to the wishlist","ParallelSuite","2026-09-16","passed","2026-09-16","Trello_TestScript.TC03_Wishlist","Regression","Trello_TestScript.TC03_Wishlist","TC_W01_addSingleProductToWishlist"
"","1302","multipleDiscount","ParallelSuite","2026-09-16","failed","2026-09-16","Trello_TestScript.TC010_Discount","Regression","Trello_TestScript.TC010_Discount","multipleDiscount"
"","750","TC-W19 [EDGE]: Rapid heart clicks produce consistent wishlist state","ParallelSuite","2026-09-16","passed","2026-09-16","Trello_TestScript.TC03_Wishlist","Regression","Trello_TestScript.TC03_Wishlist","TC_W21_rapidHeartClickConsistentState"
"","642","TC-W11: Add to cart from wishlist","ParallelSuite","2026-09-16","passed","2026-09-16","Trello_TestScript.TC03_Wishlist","Regression","Trello_TestScript.TC03_Wishlist","TC_W11_addToCartFromWishlist"
"","3475","filterByPriceRange","ParallelSuite","2026-09-16","passed","2026-09-16","Trello_TestScript.TC04_Filters","Regression","Trello_TestScript.TC04_Filters","filterByPriceRange"
"","7493","clearAllFilters","ParallelSuite","2026-09-16","passed","2026-09-16","Trello_TestScript.TC04_Filters","Regression","Trello_TestScript.TC04_Filters","clearAllFilters"
"","520","VerifyCheckoutwithProductsinCart","ParallelSuite","2026-09-16","passed","2026-09-16","Trello_TestScript.TC02_Cart","Regression","Trello_TestScript.TC02_Cart","VerifyCheckoutwithProductsinCart"
"","4493","filterByMultipleCategories","ParallelSuite","2026-09-16","passed","2026-09-16","Trello_TestScript.TC04_Filters","Regression","Trello_TestScript.TC04_Filters","filterByMultipleCategories"
"","493","navigateBackToCart","ParallelSuite","2026-09-16","passed","2026-09-16","Trello_TestScript.TC07_Checkout","Regression","Trello_TestScript.TC07_Checkout","navigateBackToCart"
"","913","TC-W02: Add multiple different products to the wishlist","ParallelSuite","2026-09-16","passed","2026-09-16","Trello_TestScript.TC03_Wishlist","Regression","Trello_TestScript.TC03_Wishlist","TC_W02_addMultipleProductsToWishlist"
"","13534","TC-W09 [EDGE]: Badge does not overflow with large item count","ParallelSuite","2026-09-16","passed","2026-09-16","Trello_TestScript.TC03_Wishlist","Regression","Trello_TestScript.TC03_Wishlist","TC_W09_badgeDoesNotOverflowWithManyItems"
"","569","TC-W14 [EDGE]: Wishlist handles cleared localStorage gracefully","ParallelSuite","2026-09-16","passed","2026-09-16","Trello_TestScript.TC03_Wishlist","Regression","Trello_TestScript.TC03_Wishlist","TC_W14_wishlistHandlesClearedStorage"
